{
    "general_hospital": {
        "latitude": 39.46798,
        "longitude": -0.40776,
        "beds_available": 10,
        "specialties": [
            "Third degree burns and related lesions",
            "Chemical burns and toxic exposure",
            "Electrical burns and high-voltage injuries",
            "Pediatric burn treatment",
            "Skin grafting and reconstructive surgery for burns"
        ]
    },
    "university_clinical_hospital": {
        "latitude": 39.47882,
        "longitude": -0.36078,
        "beds_available": 15,
        "specialties": [
            "General medical emergencies and trauma care",
            "Organ transplantation and donor services",
            "Advanced cardiovascular treatments",
            "Neurological and brain surgery",
            "Oncology and cancer research",
            "Pediatric intensive care",
            "Respiratory care and pulmonology",
            "Gastroenterology and liver diseases"
        ]
    }
}
